intern_clock,1,2,3,4,x,y
31032,0.0,0.0,0.0,0.0,39.80506684068552,-17.093602806729347
31130,0.0,0.0,0.0,0.0,31.60300332173446,-15.42153952997943
31227,0.0,0.0,0.0,0.0,33.88852023888318,-19.00898467558485
31326,0.0,0.0,0.0,0.0,35.133377086530345,-20.662501857449264
31424,0.0,0.0,0.0,0.0,26.759042676784947,-16.759596324697597
31521,0.0,0.0,0.0,0.0,25.643043415654326,-15.319156538481542
31620,0.0,1.0,0.0,0.0,27.936269690466997,-18.13926570640671
31718,0.0,0.0,0.0,0.0,31.035741601668974,-17.479944950214527
31816,0.0,0.0,0.0,0.0,28.54098711885465,-17.043832466753624
31913,0.0,0.0,0.0,0.0,16.07462773293712,-20.90808696476788
32012,0.0,0.0,0.0,0.0,2.814983873093223,-27.505102137053
32110,0.0,1.0,0.0,0.0,4.3734682433366725,-32.076082992945814
32208,0.0,0.0,0.0,0.0,-6.652739956953948,-29.554922326826674
32306,0.0,0.0,0.0,0.0,-21.43798726953337,-22.451104336298556
32404,0.0,0.0,0.0,0.0,-24.097341065615105,-19.66254091545602
32502,0.0,0.0,0.0,0.0,-30.912111555081964,-18.07696911852984
32600,0.0,0.0,0.0,0.0,-37.88982369556704,-12.479487036187415
32698,0.0,0.0,0.0,0.0,-30.662193723032367,-13.092916738879664
32796,0.0,0.0,0.0,0.0,-27.48921746396964,-11.664671097120355
32894,0.0,0.0,0.0,0.0,-40.6748072869876,-7.892545790991332
32992,0.0,0.0,0.0,0.0,-63.11037791746159,-1.3564134437787383
33090,1.0,0.0,0.0,0.0,-83.01459518722079,-3.3496965205534703
33188,0.0,0.0,0.0,0.0,-78.55942881144156,-2.8516424037735137
33286,0.0,1.0,0.0,0.0,-101.98514624800684,2.263647825567466
33384,0.0,0.0,0.0,0.0,-130.58738726192917,7.781892258940048
33482,0.0,0.0,0.0,0.0,-111.51838551554337,1.5045810177900178
33581,0.0,0.0,0.0,0.0,-88.58354948126508,0.026449022344773074
33678,0.0,0.0,0.0,0.0,-82.27884540013075,8.171182035804867
33776,0.0,0.0,0.0,0.0,-92.6981079196456,18.83419040729027
33874,0.0,1.0,0.0,0.0,-102.53845468585573,33.24578334719415
33973,0.0,0.0,0.0,0.0,-79.8021993070884,32.43983402489917
34070,0.0,0.0,0.0,0.0,-62.45836360425081,38.5769535366265
34168,0.0,0.0,0.0,0.0,-49.16639548894209,26.33479065492713
34267,0.0,0.0,0.0,0.0,-53.87960033307306,19.37585345545483
34364,0.0,0.0,0.0,0.0,-77.0853172176113,47.1890174777612
34462,0.0,0.0,0.0,0.0,-93.23224854641425,68.50084179468176
34561,0.0,0.0,0.0,0.0,-101.9158731749983,55.81978550667297
34659,0.0,0.0,0.0,0.0,-80.36530645084436,47.584316825593014
34756,1.0,0.0,0.0,0.0,-75.17560451770365,51.33515274949691
34854,0.0,0.0,0.0,0.0,-93.99709130400072,48.55469802888104
34953,0.0,0.0,0.0,0.0,-505.191849740565,253.9058359888089
35050,0.0,0.0,0.0,0.0,880.3378329064496,-549.9249179123099
35148,0.0,0.0,0.0,0.0,409.8008926542387,-319.816778878623
35247,0.0,0.0,0.0,0.0,216.03881684881827,-179.15323332477297
35345,0.0,0.0,0.0,0.0,119.92253330377045,-100.37576026196889
35442,0.0,0.0,0.0,0.0,105.31940418605149,-65.55492259720717
35540,0.0,0.0,0.0,0.0,87.77754686281955,-44.65244260927006
35639,0.0,1.0,0.0,0.0,78.64217516878352,-37.733248710725306
35737,0.0,0.0,0.0,0.0,79.30262400836716,-41.414901345415245
35834,1.0,0.0,0.0,0.0,76.60682354990472,-24.44001598548615
35933,0.0,0.0,0.0,0.0,69.1957453948836,-11.706064956370241
36031,0.0,0.0,0.0,0.0,66.4457615099756,-4.0867920894344465
36128,0.0,0.0,0.0,0.0,69.22244315420127,4.18345307846695
36227,0.0,0.0,0.0,0.0,79.6957855015584,8.290145549988438
36325,0.0,0.0,0.0,0.0,88.81164771688434,11.339560560084905
36423,0.0,0.0,0.0,0.0,103.10238897729235,14.39933579116936
36520,0.0,0.0,0.0,0.0,127.7286284870872,12.58161064266765
36619,0.0,0.0,0.0,0.0,140.1142969872808,17.092833187723127
36717,0.0,0.0,0.0,0.0,158.75979382095665,36.35569686863691
36815,0.0,0.0,0.0,0.0,156.29709575201963,32.931539322895475
36913,0.0,0.0,0.0,0.0,161.0364646780944,17.152645806503415
37011,0.0,0.0,0.0,0.0,172.5692447863797,9.54607461024535
37109,0.0,0.0,0.0,0.0,182.6563334087917,13.243936243936103
37207,0.0,0.0,0.0,0.0,180.4731969398393,-4.082653375669286
37305,0.0,0.0,0.0,0.0,169.8089701531835,-10.126753846051665
37403,0.0,0.0,0.0,0.0,196.61865690269815,-7.049912623779603
37501,1.0,0.0,0.0,0.0,243.4158905734746,8.08466567072553
37599,0.0,0.0,0.0,0.0,382.83536125106923,34.52253857068828
37697,0.0,0.0,0.0,0.0,918.601386216668,97.87295044420641
37795,0.0,0.0,0.0,0.0,-19796.745467036017,-1194.7031564978631
37894,0.0,0.0,0.0,0.0,-1366.0214806305148,-194.62936325298907
37991,0.0,0.0,0.0,0.0,-740.8633299672805,-151.4323930761546
38089,0.0,0.0,0.0,0.0,-362.21605347423423,-110.79648373872473
38188,0.0,0.0,0.0,0.0,-251.52261584298222,-103.53614730269861
38285,0.0,0.0,0.0,0.0,-201.55844713423048,-93.30812926238443
38383,0.0,1.0,0.0,0.0,-172.81117061454452,-82.60495475522004
38481,0.0,0.0,0.0,0.0,-166.89392121154515,-74.6906533391774
38580,0.0,0.0,0.0,0.0,-188.30001376464926,-76.34107822896013
38677,0.0,0.0,0.0,0.0,-218.6306689732266,-90.99645489230629
38775,0.0,0.0,0.0,0.0,-203.72771044024034,-89.38233380429307
38874,1.0,0.0,0.0,0.0,-183.3264273624673,-81.74331061146502
38971,0.0,1.0,0.0,0.0,-168.1819035921966,-90.46019054517328
39069,0.0,0.0,0.0,0.0,-198.37543236216223,-103.20860324057115
39168,0.0,0.0,0.0,0.0,-239.74910910708977,-112.86569065110847
39266,0.0,0.0,0.0,0.0,-297.60578982118216,-127.68225216959648
39363,0.0,0.0,0.0,0.0,-470.88713136410814,-206.39086885922208
39461,0.0,0.0,0.0,0.0,-4814.4970284065985,-1807.439797494846
39560,0.0,0.0,0.0,0.0,1254.1887491354541,372.41429163766264
39658,0.0,1.0,0.0,0.0,814.4847161569143,171.8928650728416
39755,0.0,0.0,0.0,0.0,643.2080058904594,110.04598701382889
39854,0.0,0.0,0.0,0.0,556.4487159771193,96.4648623711924
39952,0.0,0.0,0.0,0.0,450.92276788436493,53.290535288510284
40049,0.0,0.0,0.0,0.0,375.90356615465566,45.995027785897264
40147,0.0,0.0,0.0,0.0,343.89230411836957,40.928915142862635
40246,0.0,0.0,0.0,0.0,348.98248501230387,27.63803664955447
40344,0.0,0.0,0.0,0.0,371.68972507193456,23.808347477133477
40441,0.0,0.0,0.0,0.0,422.5616384465947,33.36988687909597
40540,0.0,0.0,0.0,0.0,387.9359019676654,18.909979969363885
40638,0.0,1.0,0.0,0.0,341.7625781601671,3.2424586591949067
40736,0.0,0.0,0.0,0.0,307.4131916009383,0.035138708245722135
40834,1.0,0.0,0.0,0.0,314.578417894134,0.33060556464948343
40932,0.0,0.0,0.0,0.0,322.4325618688218,-0.14007714644681996
41030,0.0,0.0,0.0,0.0,347.9285410669901,9.555264084721202
41127,0.0,0.0,0.0,0.0,361.56166308113933,-1.7211410006316312
41226,0.0,0.0,0.0,0.0,362.4720775808159,-16.287715568715672
41324,0.0,0.0,0.0,0.0,335.5243359606808,-7.6574689703863825
41422,0.0,0.0,0.0,0.0,298.21405678775204,0.8265787178166988
41520,0.0,0.0,0.0,0.0,286.38116366377767,1.3398570119825628
41618,0.0,0.0,0.0,0.0,295.7085713731227,9.51819125306772
41716,0.0,0.0,0.0,0.0,306.43645556252375,10.511391094235602
41815,0.0,0.0,0.0,0.0,303.64578831525085,5.77621743032401
41912,0.0,0.0,0.0,0.0,278.1253748159791,-0.8048503461924413
42010,0.0,0.0,0.0,0.0,275.8324180373529,-4.6141076423840035
42108,0.0,0.0,0.0,0.0,266.6035290624697,-5.458649042866054
42206,0.0,0.0,0.0,0.0,296.6512163770299,-5.98835515353305
42304,0.0,0.0,0.0,0.0,325.57429339723313,-5.582392345510709
42402,1.0,0.0,0.0,0.0,316.1321504306688,-13.158523686991053
42501,0.0,0.0,0.0,0.0,332.2154164898496,-27.832726290901853
42598,0.0,0.0,0.0,0.0,340.54031844978704,-28.64328607081281
42696,0.0,0.0,0.0,0.0,359.8409090908741,-24.585345997281927
42795,0.0,0.0,0.0,0.0,426.18481148525706,-17.5737018650166
42892,0.0,0.0,0.0,0.0,425.1807800212882,-8.711002225995179
42990,0.0,0.0,0.0,0.0,412.25947227461734,-14.599608627747518
43088,0.0,0.0,0.0,0.0,401.28097594546466,-24.77686401556495
43187,0.0,0.0,0.0,0.0,414.43796101071075,-25.275419302139486
43284,0.0,0.0,0.0,0.0,435.9376348195957,-41.341247303599346
43382,0.0,0.0,0.0,0.0,434.13007660458703,-57.99467755909372
43481,0.0,0.0,0.0,0.0,496.4823530358816,-47.83157038241458
43578,0.0,0.0,0.0,0.0,573.4666532399107,-33.887709581582314
43676,0.0,0.0,0.0,0.0,653.8569715775401,-71.94917366055708
43774,0.0,0.0,0.0,0.0,866.6480308189242,-101.91324142757816
43873,0.0,0.0,0.0,0.0,1558.8279262270578,-146.8185525593969
43970,0.0,1.0,0.0,0.0,4944.793394918187,-478.4147827786227
44068,1.0,1.0,0.0,0.0,-3228.5058770094865,350.4730826681664
44167,0.0,0.0,0.0,0.0,-1751.9624540075883,117.01802207712689
44264,0.0,1.0,0.0,0.0,-1567.7607285785236,113.48040568518432
44362,0.0,0.0,0.0,0.0,-952.4679908989061,129.24016563152028
44461,0.0,0.0,0.0,0.0,-655.0180996822169,87.74725829942615
44558,0.0,0.0,0.0,0.0,-633.1764100426267,65.14601849921566
44656,1.0,0.0,0.0,0.0,-665.0750466639402,85.52109485205159
44754,0.0,0.0,0.0,0.0,-457.82080314494624,51.67896162009877
44853,0.0,0.0,0.0,0.0,-336.999676276082,42.10673760926204
44950,0.0,0.0,0.0,0.0,-296.7904885875733,47.141384634018976
45048,0.0,0.0,0.0,0.0,-290.14228207573336,52.23495571983341
45147,0.0,0.0,0.0,0.0,-255.06616192935883,54.12793133832117
45245,0.0,0.0,0.0,0.0,-242.28834382519432,52.61108383721528
45342,0.0,0.0,0.0,0.0,-246.93508793012728,60.78062060113078
45441,0.0,0.0,0.0,0.0,-237.29507348254316,66.62540171640411
45539,0.0,0.0,0.0,0.0,-225.59941475979454,63.27173874876263
45636,0.0,0.0,0.0,0.0,-201.4065346304716,52.859651065578035
45734,1.0,0.0,0.0,0.0,-178.7253403532459,47.36501777891645
45833,0.0,0.0,0.0,0.0,-181.6708800245017,52.6148697747392
45931,0.0,0.0,0.0,0.0,-185.73857421504025,46.72510230619537
46028,0.0,0.0,0.0,0.0,-170.15180449913206,41.411798025573226
46127,0.0,0.0,0.0,0.0,-158.8150423278372,42.22175522185148
46225,0.0,0.0,0.0,0.0,-142.12771731693658,35.980615592776886
46323,0.0,0.0,0.0,0.0,-132.5072290155284,32.74744027303916
46420,0.0,0.0,0.0,0.0,-131.72688577313286,34.61368481558994
46519,0.0,0.0,0.0,0.0,-120.7803567065856,33.2236521990497
46617,0.0,0.0,0.0,0.0,-104.0627674300655,28.19467489019116
46714,0.0,0.0,0.0,0.0,-100.28663614406751,28.777905956716616
46813,0.0,0.0,0.0,0.0,-95.29965453865232,26.06023890231288
46911,0.0,0.0,0.0,0.0,-91.11605716966817,29.39874311924069
47009,0.0,0.0,0.0,0.0,-88.26603510917346,28.144720609374705
47107,0.0,0.0,0.0,0.0,-83.3607199090358,25.47639301959488
47205,0.0,1.0,0.0,0.0,-75.75926844340793,25.433820701800716
47303,0.0,0.0,0.0,0.0,-64.50099492152688,22.434529158084178
47400,0.0,0.0,0.0,0.0,-51.98500315938516,18.782577044407027
47499,0.0,0.0,0.0,0.0,-49.318395459243916,19.930219731005504
47597,0.0,0.0,0.0,0.0,-57.95761938655728,21.95029162944718
47695,0.0,0.0,0.0,0.0,-65.07151756915054,26.537753328177775
47793,0.0,0.0,0.0,0.0,-66.70230689106819,26.0897274382633
47891,0.0,0.0,0.0,0.0,-70.80839646058578,23.826985383004082
47989,0.0,0.0,0.0,0.0,-71.0041790892064,29.354631418664788
48088,0.0,0.0,0.0,0.0,-70.31792441630103,31.195876501531593
48185,0.0,0.0,0.0,0.0,-63.97777301351344,33.20203722446973
48283,0.0,0.0,0.0,0.0,-59.4634022086791,33.718900155844715
48381,0.0,0.0,0.0,0.0,-50.85492671347503,28.895908283725028
48479,0.0,0.0,0.0,0.0,-42.8876816954596,30.687664126938053
48577,0.0,0.0,0.0,0.0,-44.43175331479256,32.51374236786107
48675,0.0,0.0,0.0,0.0,-52.1096096337744,36.25226121874922
48774,0.0,0.0,0.0,0.0,-55.01378786030644,39.61962775593088
48871,0.0,1.0,0.0,0.0,-49.98563920451839,41.288197766048896
48969,0.0,0.0,0.0,0.0,-52.0641194763444,43.29306658158196
49068,0.0,0.0,0.0,0.0,-51.3512230741205,42.32156376703136
49166,1.0,0.0,0.0,0.0,-40.560164051983776,32.42441453731488
49263,0.0,0.0,0.0,0.0,-38.54520739312921,24.869486839519222
49361,0.0,0.0,0.0,0.0,-35.133814923798425,24.438580685688365
49460,0.0,0.0,0.0,0.0,-31.244915075298554,24.128520768910963
49557,0.0,1.0,0.0,0.0,-34.24576638997689,25.900213115871363
49655,0.0,0.0,0.0,0.0,-37.84527770036026,28.655468513720148
49754,0.0,0.0,0.0,0.0,-37.49839092630133,29.62502910662151
49852,0.0,0.0,0.0,0.0,-37.12704888411034,30.68877038845555
49949,0.0,0.0,0.0,0.0,-32.6245596633999,28.294804126471238
50048,1.0,0.0,0.0,0.0,-30.884671213731707,25.434711577365444
50146,0.0,0.0,0.0,0.0,-34.700462018848505,26.5265431097022
50243,0.0,0.0,0.0,0.0,-29.224616711763268,30.264357134455512
50341,0.0,0.0,0.0,0.0,-25.12385975025879,27.28442171518551
50440,0.0,0.0,0.0,0.0,-20.360718305767815,23.088252614630424
50538,0.0,0.0,0.0,0.0,-20.569531314780455,22.292289279109802
50635,0.0,0.0,0.0,0.0,-15.975330223287623,19.46803424563795
50734,0.0,0.0,0.0,0.0,-13.151975834663162,14.25912229598101
50832,0.0,0.0,0.0,0.0,-12.476923206882105,13.609144894114912
50930,0.0,0.0,0.0,0.0,-12.468030376433058,14.717810331534398
51027,0.0,0.0,0.0,0.0,-13.91620467209515,17.901664586665937
51126,0.0,0.0,0.0,0.0,-12.238287569014574,18.053445630733798
51224,0.0,0.0,0.0,0.0,-12.992678142457455,21.454688504535987
51321,0.0,0.0,0.0,0.0,-8.319928860786993,20.15465166566539
51420,0.0,0.0,0.0,0.0,-10.595828538976436,23.79801165704561
51518,0.0,1.0,0.0,0.0,-8.455867248323115,23.482973358113856
51616,0.0,0.0,0.0,0.0,-7.1545597204495985,22.24571853817192
51714,1.0,0.0,0.0,0.0,-7.8368441576035535,20.182960233648473
51812,0.0,0.0,0.0,0.0,-9.516428116220892,20.56588404408269
51910,0.0,0.0,0.0,0.0,-13.783664243469163,23.167379947367422
52007,0.0,0.0,0.0,0.0,-13.459293558763862,27.767620998412585
52106,0.0,0.0,0.0,0.0,-10.551478414225864,30.356679146381637
52204,0.0,0.0,0.0,0.0,-13.917573604294818,32.39066480561508
52302,0.0,0.0,0.0,0.0,-12.429670727137253,33.53674164872105
52400,0.0,0.0,0.0,0.0,-8.619025332009755,32.56762027340696
52498,1.0,0.0,0.0,0.0,-12.719371060463162,31.408282402042538
52596,1.0,0.0,0.0,0.0,-12.308478072313934,28.87211813258492
52695,0.0,0.0,0.0,0.0,-5.823482292096065,24.78416222523615
52792,0.0,0.0,0.0,0.0,-3.4040058741468044,27.038943628930024
52890,0.0,0.0,0.0,0.0,-6.575701523814486,29.14799876994833
52988,0.0,0.0,0.0,0.0,-6.681478960242384,30.387152383834398
53086,1.0,0.0,0.0,0.0,-5.476974305391766,30.856413581257772
53184,0.0,0.0,0.0,0.0,-2.329423877457187,29.263787918019947
53282,0.0,0.0,0.0,0.0,-0.7883565889840829,28.005704119913442
53381,0.0,0.0,0.0,0.0,-1.8547219778615966,27.571772264412346
53478,0.0,0.0,0.0,0.0,0.11220491884036084,27.30663597752836
53576,0.0,0.0,0.0,0.0,2.429131009991109,25.735359987087623
53675,0.0,0.0,0.0,0.0,4.440269590394392,26.370169363691677
53773,0.0,0.0,0.0,0.0,5.259515105554681,26.36969731655537
53870,0.0,0.0,0.0,0.0,3.870938313186258,27.564760364279778
53968,0.0,0.0,0.0,0.0,3.0511481121901736,27.10684526515586
54067,0.0,0.0,0.0,0.0,2.875601092092153,27.037210462966137
54164,0.0,0.0,0.0,0.0,2.2482979434563726,25.862560033777665
54262,0.0,0.0,0.0,0.0,4.671265748581058,24.940482412699165
54361,0.0,0.0,0.0,0.0,5.464417937400787,27.676480097872627
54459,0.0,0.0,0.0,0.0,4.848690403879563,29.792402081403438
54556,1.0,0.0,0.0,0.0,6.036908529376313,28.786767013442322
54654,0.0,0.0,0.0,0.0,5.34128724308356,26.842491082002436
54753,0.0,0.0,0.0,0.0,1.8467720897493567,28.325235589817737
54850,0.0,0.0,0.0,0.0,-0.06726864128402227,30.28622968624583
54948,0.0,1.0,0.0,0.0,-0.044750302667537184,28.685239187815725
55047,0.0,0.0,0.0,0.0,-2.2334011255621484,32.0650605708815
55145,0.0,0.0,0.0,0.0,-1.2098702590789516,34.82447377706379
55242,0.0,0.0,0.0,0.0,0.7288096590475744,34.06677735541349
55341,0.0,0.0,0.0,0.0,0.8234147874578128,32.78284963249274
55439,1.0,0.0,0.0,0.0,4.03981987258479,30.752835535409904
55536,0.0,0.0,0.0,0.0,5.117896897183431,29.377130266774913
55634,0.0,0.0,0.0,0.0,6.725672030229874,31.674356067110654
55733,0.0,0.0,0.0,0.0,5.29697411677367,34.15799937491385
55831,0.0,0.0,0.0,0.0,6.270919131738291,33.25322143325584
55928,0.0,0.0,0.0,0.0,5.218966685275479,33.6180658979548
56027,0.0,0.0,0.0,0.0,7.251306632619352,36.31661831508584
56125,0.0,0.0,0.0,0.0,7.239084164604173,35.49972213732041
56222,0.0,0.0,0.0,0.0,2.9435149089171744,36.46076064903215
56321,1.0,0.0,0.0,0.0,2.6794909555679456,36.76092417127527
56419,0.0,0.0,0.0,0.0,4.880654978827724,37.40598171712243
56516,0.0,0.0,0.0,0.0,8.644034904223417,35.341414338550756
56614,0.0,0.0,0.0,0.0,10.652474256934417,35.38905751157944
56713,0.0,0.0,0.0,0.0,7.82923117896277,38.82284509130775
56811,0.0,0.0,0.0,0.0,8.652732256036689,38.913230171873124
56908,0.0,0.0,0.0,0.0,7.087943489035573,37.15185624543206
57007,0.0,0.0,0.0,0.0,2.736153672905556,38.36845026626933
57105,1.0,0.0,0.0,0.0,2.191982491924727,38.83718126948048
57202,1.0,0.0,0.0,0.0,4.555244281356088,38.97623005774594
57300,0.0,0.0,0.0,0.0,6.838425549081311,36.58493215648319
57399,0.0,0.0,0.0,0.0,8.747940636797521,35.74737455592
57497,0.0,0.0,0.0,0.0,9.889916613229909,36.224468128205935
57594,0.0,0.0,0.0,0.0,8.256011556378624,39.79481652416038
57693,0.0,0.0,0.0,0.0,5.917136150571625,41.993852586141884
57791,0.0,0.0,0.0,0.0,7.449771192595057,40.63255142160286
57888,0.0,0.0,0.0,0.0,10.321031426267549,39.04309928033644
57987,0.0,0.0,0.0,0.0,9.012915366101252,42.337446744357045
58085,0.0,0.0,0.0,0.0,6.62490766310783,43.54450638119035
58182,0.0,0.0,0.0,0.0,7.676650578480231,39.21714295029222
58280,0.0,0.0,0.0,0.0,9.278230251111095,35.59782732438988
58379,0.0,0.0,0.0,0.0,10.512762104779796,35.86972946411208
58477,0.0,0.0,0.0,0.0,9.862436147634725,36.25141834895717
58574,0.0,0.0,0.0,0.0,9.07982823019979,36.83275073944677
58673,0.0,0.0,0.0,0.0,7.662899759961787,38.6420751793592
58771,0.0,0.0,0.0,0.0,8.198603619278009,40.14182127631888
58869,0.0,0.0,0.0,0.0,10.2564724010484,38.22144190966263
58967,0.0,1.0,0.0,0.0,8.998968816286599,38.52551476025689
59065,0.0,0.0,0.0,0.0,9.524530615138408,35.56588106552705
59163,0.0,0.0,0.0,0.0,14.210571094330236,33.94481766265375
59260,0.0,0.0,0.0,0.0,13.22990176429696,35.22713180180807
59359,0.0,0.0,0.0,0.0,13.20909373517508,33.26629246742428
59457,0.0,0.0,0.0,0.0,14.686050026816213,32.67541323321521
59555,0.0,0.0,0.0,0.0,18.36951459297308,32.800128061889936
59653,0.0,0.0,0.0,0.0,17.511750722744,33.97345554100756
59751,0.0,1.0,0.0,0.0,16.216870752132422,33.53241177824488
59849,0.0,0.0,0.0,0.0,16.366378852628415,32.62219275123998
59947,0.0,0.0,0.0,0.0,15.20115597965391,35.15015743050893
60045,0.0,0.0,0.0,0.0,16.903377084789536,35.76494560215071
60143,0.0,0.0,0.0,0.0,18.970578894576892,32.67184854653802
60241,0.0,0.0,0.0,0.0,15.356049618605665,33.16067087347214
60339,0.0,0.0,0.0,0.0,10.595466424190594,34.286549292388
60437,0.0,1.0,0.0,0.0,11.790726393951385,33.18613604279967
60535,0.0,0.0,0.0,0.0,15.470518264851952,32.90796078853868
60633,0.0,0.0,0.0,0.0,13.799688086062115,33.0532097972795
60731,0.0,0.0,0.0,0.0,12.172402363616397,33.40423805333049
60829,0.0,0.0,0.0,0.0,13.171070465310075,33.29216019582562
60928,0.0,0.0,0.0,0.0,15.976595091509749,30.321929682572886
61025,0.0,0.0,0.0,0.0,16.63363876825655,29.73976124437531
61123,0.0,0.0,0.0,0.0,15.902931943842274,28.658603290227013
61221,0.0,0.0,0.0,0.0,17.355932277643916,27.9151520992926
61319,0.0,0.0,0.0,0.0,17.17187300584591,26.63116362275579
61417,0.0,0.0,0.0,0.0,18.383985441309243,24.726742621333372
61515,0.0,0.0,0.0,0.0,17.612519434277555,26.485296408839805
61614,0.0,1.0,0.0,0.0,15.850313523955942,28.29100506076875
61711,0.0,0.0,0.0,0.0,17.04442736762727,28.82130628835441
61809,0.0,0.0,0.0,0.0,17.364993531057625,29.369290516912383
61907,0.0,0.0,0.0,0.0,19.78321139904903,29.769513651640548
62006,0.0,0.0,0.0,0.0,18.17588862487348,29.993065492813088
62103,0.0,0.0,0.0,0.0,17.23976290655442,30.554092344107275
62201,0.0,0.0,0.0,0.0,16.225202987112137,31.529110070571676
62300,0.0,0.0,0.0,0.0,16.04369975927149,31.19230309037804
62397,0.0,0.0,0.0,0.0,15.85654126111946,29.355458970569376
62495,0.0,0.0,0.0,0.0,14.991664337572944,27.926491703808043
62594,0.0,0.0,0.0,0.0,15.179801170756825,27.41496817083207
62692,0.0,0.0,0.0,0.0,14.234905667455608,28.585575734576388
62789,0.0,0.0,0.0,0.0,14.806147439182473,27.613545294556328
62887,0.0,0.0,0.0,0.0,17.586720546444205,26.38728680553776
62986,1.0,0.0,0.0,0.0,20.640914315035612,26.379710138832095
63083,0.0,0.0,0.0,0.0,21.460307443019733,26.547950024519007
63181,0.0,0.0,0.0,0.0,19.9315213433561,27.132568699265686
63280,0.0,0.0,0.0,0.0,20.270970959555942,28.323948374914174
63378,1.0,0.0,0.0,0.0,21.702495009453433,27.998309271617707
63475,0.0,0.0,0.0,0.0,21.20465755128491,28.04004098442774
63574,0.0,0.0,0.0,0.0,19.551023599252254,29.199536614922728
63672,0.0,0.0,0.0,0.0,19.800830137394527,29.946670088757354
63769,0.0,0.0,0.0,0.0,18.610462091421212,31.461370877930687
63867,0.0,0.0,0.0,0.0,17.591619673066273,30.158393973622395
63966,0.0,0.0,0.0,0.0,18.268411484889103,29.41603062299592
64064,0.0,0.0,0.0,0.0,17.882733899062174,31.18641366319585
64161,0.0,0.0,0.0,0.0,17.436614320422954,31.01150582841902
64260,0.0,0.0,0.0,0.0,18.035140266116187,31.048811694867084
64358,0.0,0.0,0.0,0.0,17.086533538145414,32.196459483226995
64455,0.0,0.0,0.0,0.0,17.029322229183762,32.75012431525584
64553,0.0,0.0,0.0,0.0,15.822158110778151,33.57849395621381
64652,0.0,0.0,0.0,0.0,17.030411801262865,32.58887150003839
64749,0.0,0.0,0.0,0.0,17.965507647268936,30.050714323157514
64847,0.0,1.0,0.0,0.0,18.775540979110882,29.96738578667634
64946,0.0,0.0,0.0,0.0,19.849950101086524,29.229179852347194
65044,0.0,1.0,0.0,0.0,17.28838540714924,30.30348579897312
65141,0.0,1.0,0.0,0.0,14.811406369729028,31.73206815246933
65240,0.0,0.0,0.0,0.0,13.279684680966575,34.03460950337707
65338,0.0,0.0,0.0,0.0,13.069065320019691,35.21333698396191
65435,0.0,0.0,0.0,0.0,13.710743333383737,35.37473768794574
65533,1.0,0.0,0.0,0.0,17.540122819128854,35.58249697624129
65632,0.0,0.0,0.0,0.0,19.490575339846902,34.22422487850098
65730,0.0,0.0,0.0,0.0,19.46482609490679,32.40795299025965
65827,0.0,0.0,0.0,0.0,19.353066433942498,32.49141446867904
65926,0.0,1.0,0.0,0.0,19.726524655478606,31.296193893580128
66024,0.0,0.0,0.0,0.0,20.90398329672621,29.470999755959042
66121,0.0,0.0,0.0,0.0,20.475585614813514,29.83413312036774
66220,0.0,0.0,0.0,0.0,19.55770354431345,31.792629788354606
66318,0.0,0.0,0.0,0.0,17.22050125709677,32.6071767216136
66416,0.0,0.0,0.0,0.0,19.353908231083405,32.38716339251538
66513,0.0,0.0,0.0,0.0,22.43455057322553,31.544202390155576
66612,0.0,0.0,0.0,0.0,22.310529354619963,30.270525590391394
66710,0.0,0.0,0.0,0.0,22.12487739248607,28.211672332454548
66807,0.0,0.0,0.0,0.0,21.700309395028892,29.544385529256957
66906,0.0,0.0,0.0,0.0,23.221733352308185,31.176436158378216
67004,0.0,0.0,0.0,0.0,24.707839466441698,30.505577646700765
67102,0.0,0.0,0.0,0.0,25.052932092981337,30.545261575922876
67200,0.0,0.0,0.0,0.0,26.15604155151842,29.828673803917763
67298,0.0,0.0,0.0,0.0,24.12659566303609,31.080419616861228
67396,0.0,0.0,0.0,0.0,24.003463574676704,28.913142196704527
67494,0.0,0.0,0.0,0.0,23.004852879887373,29.21399661930053
67592,0.0,0.0,0.0,0.0,21.253096864746833,30.905284765409252
67690,0.0,0.0,0.0,0.0,22.640697034580032,30.291965912363544
67788,0.0,0.0,0.0,0.0,22.084281134851246,30.02381957357523
67886,0.0,0.0,0.0,0.0,20.585336844151673,30.42043057404922
67984,0.0,0.0,0.0,0.0,21.861578962892214,29.111755943602475
68082,0.0,0.0,0.0,0.0,21.95349726830363,28.22725694617589
68180,0.0,0.0,0.0,0.0,20.928914222038888,27.72456951833477
68278,0.0,0.0,0.0,0.0,20.273052829065428,27.212390692566697
68376,0.0,0.0,0.0,0.0,19.595811758753726,25.758043322860594
68474,0.0,0.0,0.0,0.0,20.483985678951754,26.15340470795812
68572,0.0,1.0,0.0,0.0,18.791697039948506,24.485862126067413
68670,0.0,0.0,0.0,0.0,19.352022285458343,18.927109088122315
68768,0.0,0.0,0.0,0.0,18.37354933642013,11.780072511400187
68867,0.0,0.0,0.0,0.0,14.922927187885918,5.238143746125938
68964,0.0,0.0,0.0,0.0,13.59921319421617,1.7888945581680988
69062,0.0,0.0,0.0,0.0,12.10237984180693,0.5017234169588178
69160,0.0,0.0,0.0,0.0,11.930851530779442,-1.8945119609351297
69258,0.0,0.0,0.0,0.0,9.57968877348887,-2.7870843566307038
69356,0.0,0.0,0.0,0.0,6.645145929431123,-3.343612163918438
69454,0.0,0.0,0.0,0.0,6.425220664982968,-5.0454486073927285
69553,0.0,1.0,0.0,0.0,7.151043072885197,-6.984467166951414
69650,0.0,0.0,0.0,0.0,4.848259133309637,-7.232141557212797
69748,0.0,0.0,0.0,0.0,2.58903896449255,-8.446536722613345
69847,0.0,0.0,0.0,0.0,0.25224188335398495,-9.744532518751202
69945,0.0,1.0,0.0,0.0,-1.3019922455177035,-11.688427299703575
70042,0.0,0.0,0.0,0.0,-3.292168895268817,-12.94975150973733
70140,1.0,0.0,0.0,0.0,-4.773505033962116,-13.105722264792613
70239,0.0,0.0,0.0,0.0,-5.2605683752895285,-13.747980574852276
70336,0.0,0.0,0.0,0.0,-7.087145769211422,-13.204502970642025
70434,0.0,0.0,0.0,0.0,-7.98704391825212,-12.052565521603665
70533,0.0,0.0,0.0,0.0,-8.286985694258966,-12.43615586680803
70631,0.0,0.0,0.0,0.0,-6.666078838369132,-14.469300719041062
70728,1.0,0.0,0.0,0.0,-4.703263887152952,-16.75531976089876
70827,0.0,0.0,0.0,0.0,-3.738507745831897,-17.8197322928209
70925,0.0,0.0,0.0,0.0,-4.4399988415842335,-17.54474802827864
71022,0.0,0.0,0.0,0.0,-5.659312089769036,-17.018307550969915
71120,0.0,0.0,0.0,0.0,-6.414352372789065,-17.626128311763726
71219,0.0,0.0,0.0,0.0,-7.70861425197678,-18.03429604317063
71316,0.0,0.0,0.0,0.0,-8.875717697034808,-16.890787747472636
71414,0.0,0.0,0.0,0.0,-8.145915388879654,-15.961809784525865
71513,0.0,0.0,0.0,0.0,-9.055745762285301,-14.624732617677584
71611,0.0,0.0,0.0,0.0,-11.673863975836738,-13.553495756851925
71708,0.0,0.0,0.0,0.0,-11.802429560463963,-14.67563109865222
71806,0.0,0.0,0.0,0.0,-10.31277912543622,-16.492600912790163
71905,0.0,0.0,0.0,0.0,-11.565801204060374,-15.989312353492245
72002,0.0,0.0,0.0,0.0,-12.606213952760086,-14.327332402645707
72100,0.0,0.0,0.0,0.0,-11.400048752423817,-13.29017385788355
72199,0.0,0.0,0.0,0.0,-10.45488806521158,-14.143200661768782
72297,0.0,0.0,0.0,0.0,-11.358177479764773,-13.566179555032518
72394,0.0,0.0,0.0,0.0,-11.920588557902107,-12.046974074077134
72493,0.0,0.0,0.0,0.0,-11.655037451232179,-11.93449516119779
72591,0.0,1.0,0.0,0.0,-11.196936680925516,-10.636054536718893
72688,0.0,0.0,0.0,0.0,-10.463017143144162,-9.40208957573642
72786,0.0,0.0,0.0,0.0,-9.743272967361651,-9.829588183582578
72885,0.0,0.0,0.0,0.0,-9.150934732315458,-9.351003977178866
72983,0.0,1.0,0.0,0.0,-10.058480095073893,-8.27888222902638
73080,0.0,0.0,0.0,0.0,-11.217014072902012,-7.5148140905165155
73179,0.0,0.0,0.0,0.0,-12.176151939953083,-6.287637819784089
73277,0.0,0.0,0.0,0.0,-11.613060464217378,-5.029262975192891
73374,0.0,0.0,0.0,0.0,-8.75028659771219,-5.308714165790124
73473,0.0,0.0,0.0,0.0,-7.801486462440149,-4.538627199309664
73571,0.0,0.0,0.0,0.0,-4.7829271690239334,-4.659502663629957
73669,0.0,0.0,0.0,0.0,-3.998169068267937,-4.385574797079648
73766,0.0,0.0,0.0,0.0,-3.734848931216209,-4.554519969361669
73865,0.0,0.0,0.0,0.0,-3.6280153987980652,-4.432574816544658
73963,0.0,0.0,0.0,0.0,-2.703451616811052,-4.29956400629795
74061,0.0,0.0,0.0,0.0,-2.262388229766061,-1.9892087037601789
74159,0.0,1.0,0.0,0.0,-0.5243206736073646,-1.2380548361854218
74257,0.0,0.0,0.0,0.0,-0.047868469814160916,-2.8190375004555266
74355,0.0,0.0,0.0,0.0,1.437343284743115,-3.2056211019169707
74452,0.0,0.0,0.0,0.0,1.193885350317462,-3.322086601523615
74551,1.0,0.0,0.0,0.0,-0.012269138887562038,-2.110009943853833
74649,0.0,0.0,0.0,0.0,-1.306948065854984,-0.22071071818678506
74747,0.0,0.0,0.0,0.0,0.6809966279153269,-0.8515279326254583
74845,0.0,0.0,0.0,0.0,-0.6144778116846271,0.15148475915513762
74943,0.0,0.0,0.0,0.0,-2.073938989756046,2.529925988953762
75041,1.0,0.0,0.0,0.0,-2.0940019641477083,3.712917496605706
75139,0.0,0.0,0.0,0.0,-0.9119255037556263,3.634168356163507
75237,0.0,0.0,0.0,0.0,0.7730164547916866,3.0803256235651206
75335,0.0,0.0,0.0,0.0,3.0574277949653927,2.970203374040895
75433,0.0,0.0,0.0,0.0,3.7547716451548294,3.9728141342625083
75531,0.0,0.0,0.0,0.0,0.9822641256558703,5.471988224864313
75629,0.0,0.0,0.0,0.0,-0.7543410587800136,5.941056764085138
75727,0.0,0.0,0.0,0.0,-0.036198982487577164,6.756275521386191
75826,0.0,0.0,0.0,0.0,0.10640939618251982,6.983496792479956
75923,0.0,0.0,0.0,0.0,0.9967663242081614,6.431839683087019
76021,0.0,0.0,0.0,0.0,1.7874462971225644,6.215897172302265
76120,0.0,0.0,0.0,0.0,1.930118243971252,5.963409429145427
76217,0.0,0.0,0.0,0.0,1.4668859369002032,6.939799144207345
76315,0.0,0.0,0.0,0.0,0.18277390794341386,7.820244991590823
76413,0.0,0.0,0.0,0.0,-0.3979481901692568,9.669241230595773
76512,0.0,0.0,0.0,0.0,-2.3378246027125615,11.73797990984204
76609,1.0,0.0,0.0,0.0,-3.527154997439087,12.211719805413031
76707,0.0,0.0,0.0,0.0,-1.6136136152749683,11.232794114842159
76806,0.0,0.0,0.0,0.0,-2.2584639974760434,13.666288903327867
76903,0.0,0.0,0.0,0.0,-1.6121600614091636,13.802035823011021
77001,0.0,0.0,0.0,0.0,-0.0008442194336597374,12.12846828529181
77100,0.0,0.0,0.0,0.0,-0.8773250588056737,14.05350777803419
77198,0.0,0.0,0.0,0.0,0.6841510717919821,14.031748894181726
77295,0.0,0.0,0.0,0.0,1.340492555138204,13.112601979014684
77393,0.0,0.0,0.0,0.0,0.40993895870621894,13.909222093146084
77492,0.0,0.0,0.0,0.0,0.8683388022890511,14.10581312251185
77589,0.0,1.0,0.0,0.0,0.24445229946081767,15.28365582334373
77687,0.0,0.0,0.0,0.0,2.6031319437446343,15.96323214684638
77786,0.0,0.0,0.0,0.0,2.653499906259008,15.512441838665202
77884,0.0,0.0,0.0,0.0,3.2930944482501974,15.053116620559424
77981,0.0,0.0,0.0,0.0,1.31798724228446,16.75281782240862
78080,0.0,0.0,0.0,0.0,2.4051019792612203,16.95321119057362
78178,0.0,0.0,0.0,0.0,2.9287427631746734,18.747907096844454
78276,0.0,0.0,0.0,0.0,2.3499097631729096,18.607077491458856
78373,0.0,0.0,0.0,0.0,1.882798339271516,18.612680487821674
78472,0.0,0.0,0.0,0.0,0.7873058744080212,18.04552846512515
78570,0.0,0.0,0.0,0.0,-0.24114589236118492,17.900559364010164
78667,0.0,0.0,0.0,0.0,-0.7101450807151295,19.25014268501503
78766,0.0,0.0,0.0,0.0,-1.7049909178783285,19.34973489664443
78864,0.0,1.0,0.0,0.0,-0.9393286186356019,19.389565309462913
78962,0.0,0.0,0.0,0.0,1.2967940466706585,21.524287142285864
79059,0.0,0.0,0.0,0.0,2.997949804108654,20.46882189379687
79158,0.0,0.0,0.0,0.0,2.251480669041924,21.17240540170019
79256,0.0,0.0,0.0,0.0,0.2732542756104112,22.248140104669762
79353,0.0,0.0,0.0,0.0,1.0808994051592091,21.59443155089842
79452,0.0,0.0,0.0,0.0,3.539989659817272,21.466794466017824
79550,0.0,0.0,0.0,0.0,4.094599554319963,20.29352002461505
79648,0.0,0.0,0.0,0.0,1.4619971718254359,21.398495652435702
79746,0.0,0.0,0.0,0.0,1.779524110914211,21.41094955438871
79844,0.0,0.0,0.0,0.0,3.3177824855010325,21.385835646195055
79942,0.0,1.0,0.0,0.0,5.05046060107728,21.355395094520965
80040,0.0,1.0,0.0,0.0,6.967977453512154,20.308599932605755
80138,0.0,1.0,0.0,0.0,6.949712408678499,20.58858596390812
80236,0.0,0.0,0.0,0.0,7.262267465027862,21.7212436526955
80334,0.0,0.0,0.0,0.0,9.288450160958453,23.36076899892599
80432,0.0,0.0,0.0,0.0,9.230593219456559,24.057281681302932
80530,0.0,0.0,0.0,0.0,7.362348328650889,26.653021967688616
80628,0.0,0.0,0.0,0.0,6.559578485672277,27.755035085322607
80727,0.0,0.0,0.0,0.0,6.697797982642071,27.881972114603514
80824,1.0,0.0,0.0,0.0,7.37016716510031,27.93388378111485
80922,0.0,0.0,0.0,0.0,6.81069254536797,28.607322336643193
81020,0.0,0.0,0.0,0.0,7.5317098208683495,27.956419525244208
81118,0.0,0.0,0.0,0.0,7.481267154499221,27.378376014400875
81216,0.0,0.0,0.0,0.0,8.719431737159681,28.977358056073754
81314,0.0,0.0,0.0,0.0,7.90941736542155,31.114822243171954
81413,0.0,0.0,0.0,0.0,5.945504667072548,29.834345261552144
81510,0.0,0.0,0.0,0.0,10.165859562040229,27.772542072630934
81608,0.0,0.0,0.0,0.0,12.409329127530002,28.11294517771894
81707,1.0,0.0,0.0,0.0,11.974475160941427,29.34348031004062
81805,0.0,0.0,0.0,0.0,12.113979729448653,27.427232146401252
81902,0.0,0.0,0.0,0.0,10.010274385370563,27.743310891223764
82000,0.0,0.0,0.0,0.0,10.949188256927169,29.13860323705656
82099,0.0,0.0,0.0,0.0,12.36095215634331,29.479655202343626
82196,0.0,0.0,0.0,0.0,15.30092179135567,28.130018714366834
82294,0.0,0.0,0.0,0.0,15.251246643650791,29.344640224097052
82393,0.0,0.0,0.0,0.0,14.400716270408937,31.05135288599695
82491,1.0,0.0,0.0,0.0,16.355340040183407,31.4040723885528
82588,0.0,0.0,0.0,0.0,15.170528199180373,32.57635056780547
82686,0.0,0.0,0.0,0.0,13.765222961077805,32.4364685131171
82785,0.0,0.0,0.0,0.0,14.101594384623702,32.51655652189472
82882,0.0,0.0,0.0,0.0,13.718372313195635,33.210200711802706
82980,0.0,0.0,0.0,0.0,13.852884477539488,34.039587271596034
83079,0.0,0.0,0.0,0.0,14.936691303788525,31.657440071564636
83177,0.0,0.0,0.0,0.0,13.963573711385859,31.247441740095685
83274,1.0,0.0,0.0,0.0,11.834802688879458,32.31593987984941
83373,0.0,0.0,0.0,0.0,10.197911063418282,34.694368661721995
83471,0.0,0.0,0.0,0.0,10.388708247116874,36.700303453230894
83569,0.0,1.0,0.0,0.0,11.42606513099759,36.76002109800616
83666,0.0,0.0,0.0,0.0,10.966451530448213,37.4219753950894
83765,0.0,0.0,0.0,0.0,10.562301047548177,37.56041567264669
83863,0.0,0.0,0.0,0.0,10.670028649996011,37.088306017219246
83960,0.0,0.0,0.0,0.0,13.136619555847632,37.449737107648744
84059,1.0,0.0,0.0,0.0,12.998812196961328,38.55296918902684
84157,0.0,0.0,0.0,0.0,11.017143114838099,39.76278608311401
84255,0.0,0.0,0.0,0.0,12.513350279502928,38.08561173008342
84353,0.0,0.0,0.0,0.0,14.060371492303553,36.44191683924583
84451,0.0,0.0,0.0,0.0,13.089511690755721,38.21432655054698
84549,0.0,0.0,0.0,0.0,10.174239305328552,38.95863439014136
84646,0.0,0.0,0.0,0.0,10.371834245862907,37.889046073137415
84745,0.0,0.0,0.0,0.0,10.183326887175518,39.22755809013862
84843,0.0,0.0,0.0,0.0,10.809450983791196,38.82573743076232
84941,0.0,0.0,0.0,0.0,12.217755372361541,37.16045788176357
85039,0.0,0.0,0.0,0.0,11.455004702210292,38.14562442123215
85137,0.0,0.0,0.0,0.0,11.284149694987535,39.063762025738335
85235,0.0,0.0,0.0,0.0,9.42847096776927,39.20898634423823
85332,1.0,0.0,0.0,0.0,7.866328227134731,40.85328148979762
85431,0.0,0.0,0.0,0.0,11.171360588666317,39.821633312258015
85529,0.0,0.0,0.0,0.0,12.340731093226138,37.39327341298769
85627,0.0,0.0,0.0,0.0,12.525576780253287,36.22814844265717
85725,0.0,0.0,0.0,0.0,9.77992061573501,37.69326354804967
85823,0.0,0.0,0.0,0.0,10.718463088618725,37.773143157109004
85921,0.0,0.0,0.0,0.0,11.25475277208584,38.42002394273337
86020,0.0,1.0,0.0,0.0,12.393582573615786,36.63080907349395
86117,0.0,0.0,0.0,0.0,13.02571196481464,34.291892828860334
86215,0.0,0.0,0.0,0.0,15.657660115298482,33.643195915436294
86313,0.0,0.0,0.0,0.0,15.896140821108533,33.09878067110569
86411,0.0,0.0,0.0,0.0,13.954812282504896,34.42795706979603
86509,0.0,0.0,0.0,0.0,14.212162188544513,36.48680416379161
86607,0.0,0.0,0.0,0.0,14.945308173064364,36.649607991494136
86705,0.0,0.0,0.0,0.0,16.254370130705745,35.11380993089136
86803,0.0,0.0,0.0,0.0,15.216297806128209,35.12992278882932
86901,0.0,0.0,0.0,0.0,14.613218932600427,34.67877370832006
87000,0.0,0.0,0.0,0.0,15.588768888567262,33.98652949011566
87097,0.0,0.0,0.0,0.0,16.05342504321324,34.1804466109689
87195,0.0,0.0,0.0,0.0,15.38513075729237,34.355491065364625
87293,0.0,0.0,0.0,0.0,14.51948361696741,34.0852571092519
87391,0.0,0.0,0.0,0.0,14.24928774811494,35.23816979031904
87489,1.0,0.0,0.0,0.0,12.957930570559888,34.9069604745504
87587,0.0,0.0,0.0,0.0,13.162313290175591,33.30406877331621
87686,0.0,0.0,0.0,0.0,16.028439402779725,31.049268283702773
87783,0.0,0.0,0.0,0.0,16.766120884507778,29.84732719204429
87881,0.0,0.0,0.0,0.0,16.51483990104304,30.953515034900448
87980,0.0,0.0,0.0,0.0,15.43831022748999,32.18143760307676
88077,1.0,1.0,0.0,0.0,15.080791513536099,33.320550143634705
88175,0.0,0.0,0.0,0.0,16.47363308534403,32.69022286475458
88273,0.0,0.0,0.0,0.0,16.677580743651447,31.699087448947317
88372,0.0,0.0,0.0,0.0,15.208734840315252,33.15186925387638
88469,0.0,0.0,0.0,0.0,17.41265404214012,32.41975104927586
88567,0.0,1.0,0.0,0.0,17.275363900434115,31.08321965624079
88666,0.0,0.0,0.0,0.0,15.943522569268346,31.23318066942665
88763,0.0,0.0,0.0,0.0,17.96029040398954,31.88975612697393
88861,0.0,0.0,0.0,0.0,19.076858238400206,32.52160132065093
88960,0.0,0.0,0.0,0.0,17.18035501717156,34.14833068185648
89058,0.0,0.0,0.0,0.0,14.781337126599443,35.64205477530943
89155,0.0,0.0,0.0,0.0,15.598539546226931,35.61922361327302
89253,0.0,1.0,0.0,0.0,17.37557574882552,33.952148830517494
89352,0.0,0.0,0.0,0.0,19.787722368964655,33.26044457881205
89449,0.0,1.0,0.0,0.0,19.09732362642547,33.66742523672492
89547,1.0,0.0,0.0,0.0,18.091440558614888,33.3630778696923
89646,0.0,0.0,0.0,0.0,18.37694263916284,32.62689083545291
89744,0.0,0.0,0.0,0.0,16.07548015395144,34.12786115893444
89841,0.0,0.0,0.0,0.0,16.88516798372678,34.518367113984205
89939,0.0,1.0,0.0,0.0,18.656806368818327,33.0764678759909
90038,0.0,0.0,0.0,0.0,18.50417273090686,32.670693322671276
90135,0.0,1.0,0.0,0.0,18.783432273436382,31.78267584259337
90233,0.0,0.0,0.0,0.0,20.19045468912195,31.418266348832493
90332,0.0,0.0,0.0,0.0,19.65729116238135,31.64487435483828
90430,0.0,0.0,0.0,0.0,17.946236956044626,32.892219453369606
90527,0.0,0.0,0.0,0.0,18.11213744986444,34.689483628016525
90626,0.0,0.0,0.0,0.0,19.864758659924302,33.200465532734476
90724,0.0,0.0,0.0,0.0,21.227340970708745,31.301943299534862
90821,0.0,0.0,0.0,0.0,21.35569992101799,30.636678227697452
90919,0.0,0.0,0.0,0.0,20.516886312807372,30.779351972946294
91018,0.0,0.0,0.0,0.0,19.919192073987645,29.648449508455766
91116,0.0,0.0,0.0,0.0,19.882635075548418,28.47852436872573
91213,0.0,0.0,0.0,0.0,20.191226027248444,29.194422908822744
91312,0.0,0.0,0.0,0.0,21.15871049492274,28.887757873851836
91410,0.0,0.0,0.0,0.0,22.55648066583572,28.349397041402405
91507,0.0,0.0,0.0,0.0,22.670892003076354,29.313551076503288
91606,0.0,0.0,0.0,0.0,24.467143409353824,28.771957745458323
91704,0.0,0.0,0.0,0.0,22.835828489912195,28.888606881847057
91802,0.0,0.0,0.0,0.0,22.88929955930096,29.50324385133994
91899,0.0,1.0,0.0,0.0,23.155558430791928,29.261196561651413
91998,0.0,0.0,0.0,0.0,23.064162692505636,27.725682694936612
92096,0.0,0.0,0.0,0.0,22.895955650672736,28.282420572689382
92193,0.0,0.0,0.0,0.0,21.617854538452338,28.806721376840972
92292,0.0,0.0,0.0,0.0,22.701736194746772,29.629122650058203
92390,0.0,0.0,0.0,0.0,21.769024219598055,30.963281952429
92488,1.0,0.0,0.0,0.0,22.022132091007755,29.383572053074808
92585,0.0,1.0,0.0,0.0,22.901155520736943,29.195462283622607
92684,0.0,0.0,0.0,0.0,22.234561937911977,29.31729878065375
92782,0.0,0.0,0.0,0.0,22.37571528473349,28.280458145117343
92879,0.0,0.0,0.0,0.0,22.32920303089938,28.89932245189222
92978,0.0,1.0,0.0,0.0,22.894455473011178,29.27129821018885
93076,0.0,0.0,0.0,0.0,24.161901694375032,28.568610892938405
93174,0.0,0.0,0.0,0.0,24.259160817220494,28.807018745475546
93272,0.0,0.0,0.0,0.0,21.085798945225765,30.226408926437554
93370,0.0,0.0,0.0,0.0,19.353589011223253,30.44436196661876
93468,0.0,0.0,0.0,0.0,17.595568929335414,30.50819118598624
93566,0.0,0.0,0.0,0.0,17.44199525522557,31.395313609575158
93664,0.0,0.0,0.0,0.0,18.25151370263881,31.279645856886326
93762,0.0,0.0,0.0,0.0,20.108818931151426,31.67358456655119
93860,0.0,0.0,0.0,0.0,20.498377229513615,31.33669879958853
93958,0.0,0.0,0.0,0.0,20.285110071275334,29.92272820690032
94056,0.0,0.0,0.0,0.0,20.410286135068784,28.04778134791512
94154,0.0,0.0,0.0,0.0,19.794428328475533,29.086655903959837
94253,0.0,0.0,0.0,0.0,18.834839666523624,29.873539920451506
94350,0.0,0.0,0.0,0.0,18.31142373570162,29.258956106142975
94448,0.0,1.0,0.0,0.0,18.391899375397795,30.19681970248905
94546,0.0,0.0,0.0,0.0,18.107673027441308,31.423437659519045
94644,0.0,0.0,0.0,0.0,16.98437486091297,32.30989463564617
94742,0.0,0.0,0.0,0.0,16.0558654232289,33.26016093287556
94840,0.0,0.0,0.0,0.0,17.05288502855172,33.32575885541255
94939,0.0,0.0,0.0,0.0,18.436042363000528,32.09078653757658
95036,0.0,0.0,0.0,0.0,17.798636911279946,31.69747966407407
95134,0.0,0.0,0.0,0.0,19.255732913501237,31.07534070416932
95233,0.0,1.0,0.0,0.0,19.95111124920587,31.951106810424346
95330,0.0,0.0,0.0,0.0,18.136876701758347,31.978275352964616
95428,0.0,0.0,0.0,0.0,17.026807560014863,32.25692499083988
95526,0.0,0.0,0.0,0.0,17.387597073948157,31.158181549824373
95625,0.0,0.0,0.0,0.0,19.130586827727676,30.629615268188193
95722,0.0,0.0,0.0,0.0,19.39543986352428,30.745442894379348
95820,0.0,0.0,0.0,0.0,16.515119213933744,31.187651940040432
95919,0.0,0.0,0.0,0.0,15.314820377633154,31.80786439764218
96017,0.0,1.0,0.0,0.0,15.789298550615573,31.435657411606716
96114,0.0,0.0,0.0,0.0,18.061144183230056,29.536085243171527
96212,0.0,0.0,0.0,0.0,18.880512386487712,28.694539150289827
96311,1.0,0.0,0.0,0.0,19.27437199828058,28.253587598505298
96408,0.0,0.0,0.0,0.0,20.807733024967177,28.126762438419785
96506,0.0,0.0,0.0,0.0,21.473024179186993,28.5304138706802
96605,0.0,0.0,0.0,0.0,22.073534472463155,29.22796788802525
96703,0.0,0.0,0.0,0.0,21.21435573073159,29.714935859771344
96800,0.0,0.0,0.0,0.0,20.534425106773586,29.17706421440166
96899,0.0,0.0,0.0,0.0,20.160973877516764,29.626092622734344
96997,0.0,0.0,0.0,0.0,19.399149311206937,29.668213715962292
97094,0.0,0.0,0.0,0.0,20.892841184820874,29.54142746446636
97192,0.0,0.0,0.0,0.0,20.8745151003027,29.66816526541346
97291,0.0,0.0,0.0,0.0,20.41380454011969,29.859344336563904
97389,0.0,0.0,0.0,0.0,19.782378837309192,28.64574196881324
97486,0.0,0.0,0.0,0.0,19.209424979390718,28.646207769955396
97585,0.0,1.0,0.0,0.0,19.805279784647755,28.508223071318767
97683,0.0,0.0,0.0,0.0,19.26480079732614,28.92381176894007
97781,0.0,0.0,0.0,0.0,18.240000336004826,29.461173163240133
97879,0.0,0.0,0.0,0.0,17.765281840661846,29.75105356604728
97977,0.0,0.0,0.0,0.0,19.79964142045227,29.603473678580443
98075,0.0,0.0,0.0,0.0,21.73981953598854,28.898652738051066
98172,0.0,0.0,0.0,0.0,19.760087195520562,28.849540457915754
98271,0.0,0.0,0.0,0.0,20.02736570558877,29.26960523008706
98369,0.0,0.0,0.0,0.0,20.555221946036657,28.269184598178505
98467,0.0,0.0,0.0,0.0,20.951975390421328,27.42255128252624
98565,0.0,0.0,0.0,0.0,21.19145365119286,28.219855866893433
98663,0.0,0.0,0.0,0.0,21.360810530544512,27.290972635285428
98761,0.0,1.0,0.0,0.0,21.275219680791956,26.204796935261395
98859,0.0,0.0,0.0,0.0,20.243761882411928,26.835780034618008
98957,0.0,0.0,0.0,0.0,19.481430805316,26.973113898402357
99055,0.0,0.0,0.0,0.0,20.264253680010363,27.418116659788364
99153,0.0,0.0,0.0,0.0,20.527793629445693,28.1986869988182
99251,1.0,0.0,0.0,0.0,20.940554726080222,26.815149284572495
99349,0.0,0.0,0.0,0.0,20.542717019377914,25.81700025268515
99447,0.0,0.0,0.0,0.0,18.973746357342165,26.278505165823518
99546,0.0,0.0,0.0,0.0,19.244609580764415,26.38499279168735
99643,0.0,0.0,0.0,0.0,19.725827106656887,27.39910236761184
99741,0.0,0.0,0.0,0.0,18.73132870917068,28.16193112616856
99840,0.0,0.0,0.0,0.0,18.748915595108112,27.735171157282736
99937,0.0,0.0,0.0,0.0,21.1790035758156,25.31055106004782
